﻿"idVotacao";"uriVotacao";"siglaOrgao";"descricao";"siglaBancada";"uriBancada";"orientacao"
"2283136-39";"https://dadosabertos.camara.leg.br/api/v2/votacoes/2283136-39";"PLEN";"Rejeitado o Requerimento. Sim: 37; Não: 278; Abstenção: 1; Total: 316.";"Solidaried";"";""
"2283136-39";"https://dadosabertos.camara.leg.br/api/v2/votacoes/2283136-39";"PLEN";"Rejeitado o Requerimento. Sim: 37; Não: 278; Abstenção: 1; Total: 316.";"Governo";"";"Não"
"2283136-39";"https://dadosabertos.camara.leg.br/api/v2/votacoes/2283136-39";"PLEN";"Rejeitado o Requerimento. Sim: 37; Não: 278; Abstenção: 1; Total: 316.";"Maioria";"";"Não"
"2283136-39";"https://dadosabertos.camara.leg.br/api/v2/votacoes/2283136-39";"PLEN";"Rejeitado o Requerimento. Sim: 37; Não: 278; Abstenção: 1; Total: 316.";"Fdr PSOL-REDE";"";""
"2283136-39";"https://dadosabertos.camara.leg.br/api/v2/votacoes/2283136-39";"PLEN";"Rejeitado o Requerimento. Sim: 37; Não: 278; Abstenção: 1; Total: 316.";"Oposição";"";""
"2283136-39";"https://dadosabertos.camara.leg.br/api/v2/votacoes/2283136-39";"PLEN";"Rejeitado o Requerimento. Sim: 37; Não: 278; Abstenção: 1; Total: 316.";"Novo";"https://dadosabertos.camara.leg.br/api/v2/partidos/37901";"Não"
"2283136-39";"https://dadosabertos.camara.leg.br/api/v2/votacoes/2283136-39";"PLEN";"Rejeitado o Requerimento. Sim: 37; Não: 278; Abstenção: 1; Total: 316.";"Bl PlFdrPTUniPp...";"";""
"2283136-39";"https://dadosabertos.camara.leg.br/api/v2/votacoes/2283136-39";"PLEN";"Rejeitado o Requerimento. Sim: 37; Não: 278; Abstenção: 1; Total: 316.";"Minoria";"";""
"2417172-60";"https://dadosabertos.camara.leg.br/api/v2/votacoes/2417172-60";"PLEN";"Rejeitado o Requerimento. Sim: 80; Não: 251; Abstenção: 1; Total: 332.";"Governo";"";""
"2417172-60";"https://dadosabertos.camara.leg.br/api/v2/votacoes/2417172-60";"PLEN";"Rejeitado o Requerimento. Sim: 80; Não: 251; Abstenção: 1; Total: 332.";"Bl PlFdrPTUniPp...";"";""
"2417172-60";"https://dadosabertos.camara.leg.br/api/v2/votacoes/2417172-60";"PLEN";"Rejeitado o Requerimento. Sim: 80; Não: 251; Abstenção: 1; Total: 332.";"Fdr PSOL-REDE";"";""
"2417172-60";"https://dadosabertos.camara.leg.br/api/v2/votacoes/2417172-60";"PLEN";"Rejeitado o Requerimento. Sim: 80; Não: 251; Abstenção: 1; Total: 332.";"Minoria";"";"Não"
"2417172-60";"https://dadosabertos.camara.leg.br/api/v2/votacoes/2417172-60";"PLEN";"Rejeitado o Requerimento. Sim: 80; Não: 251; Abstenção: 1; Total: 332.";"Solidaried";"";""
"2417172-60";"https://dadosabertos.camara.leg.br/api/v2/votacoes/2417172-60";"PLEN";"Rejeitado o Requerimento. Sim: 80; Não: 251; Abstenção: 1; Total: 332.";"Novo";"https://dadosabertos.camara.leg.br/api/v2/partidos/37901";"Não"
"2417172-60";"https://dadosabertos.camara.leg.br/api/v2/votacoes/2417172-60";"PLEN";"Rejeitado o Requerimento. Sim: 80; Não: 251; Abstenção: 1; Total: 332.";"Maioria";"";""
"2417172-60";"https://dadosabertos.camara.leg.br/api/v2/votacoes/2417172-60";"PLEN";"Rejeitado o Requerimento. Sim: 80; Não: 251; Abstenção: 1; Total: 332.";"Oposição";"";"Não"
"2231888-29";"https://dadosabertos.camara.leg.br/api/v2/votacoes/2231888-29";"CCJC";"Rejeitado o Requerimento de Retirada de Pauta. Resultado:  26 votos ""Sim"", 28 votos ""Não"". Quórum de votação: 54 votos.";"PL";"https://dadosabertos.camara.leg.br/api/v2/partidos/37906";"Sim"
"2231888-29";"https://dadosabertos.camara.leg.br/api/v2/votacoes/2231888-29";"CCJC";"Rejeitado o Requerimento de Retirada de Pauta. Resultado:  26 votos ""Sim"", 28 votos ""Não"". Quórum de votação: 54 votos.";"Minoria";"";"Sim"
"2231888-29";"https://dadosabertos.camara.leg.br/api/v2/votacoes/2231888-29";"CCJC";"Rejeitado o Requerimento de Retirada de Pauta. Resultado:  26 votos ""Sim"", 28 votos ""Não"". Quórum de votação: 54 votos.";"REPUBLICANOS";"";"Sim"
"2231888-29";"https://dadosabertos.camara.leg.br/api/v2/votacoes/2231888-29";"CCJC";"Rejeitado o Requerimento de Retirada de Pauta. Resultado:  26 votos ""Sim"", 28 votos ""Não"". Quórum de votação: 54 votos.";"Fdr PT-PCdoB-PV";"";"Não"
"2231888-29";"https://dadosabertos.camara.leg.br/api/v2/votacoes/2231888-29";"CCJC";"Rejeitado o Requerimento de Retirada de Pauta. Resultado:  26 votos ""Sim"", 28 votos ""Não"". Quórum de votação: 54 votos.";"PDT";"https://dadosabertos.camara.leg.br/api/v2/partidos/36786";"Não"
"2231888-29";"https://dadosabertos.camara.leg.br/api/v2/votacoes/2231888-29";"CCJC";"Rejeitado o Requerimento de Retirada de Pauta. Resultado:  26 votos ""Sim"", 28 votos ""Não"". Quórum de votação: 54 votos.";"Maioria";"";"Não"
"2494613-2";"https://dadosabertos.camara.leg.br/api/v2/votacoes/2494613-2";"CREDN";"Aprovado o Requerimento. Resultado da votação nominal:  22 votos ""Sim"", 6 votos ""Não"". Quórum de votação: 28 votos.";"PP";"https://dadosabertos.camara.leg.br/api/v2/partidos/37903";"Sim"
"2494613-2";"https://dadosabertos.camara.leg.br/api/v2/votacoes/2494613-2";"CREDN";"Aprovado o Requerimento. Resultado da votação nominal:  22 votos ""Sim"", 6 votos ""Não"". Quórum de votação: 28 votos.";"UNIÃO";"https://dadosabertos.camara.leg.br/api/v2/partidos/38009";"Sim"
"2494613-2";"https://dadosabertos.camara.leg.br/api/v2/votacoes/2494613-2";"CREDN";"Aprovado o Requerimento. Resultado da votação nominal:  22 votos ""Sim"", 6 votos ""Não"". Quórum de votação: 28 votos.";"Minoria";"";"Sim"
"2494613-2";"https://dadosabertos.camara.leg.br/api/v2/votacoes/2494613-2";"CREDN";"Aprovado o Requerimento. Resultado da votação nominal:  22 votos ""Sim"", 6 votos ""Não"". Quórum de votação: 28 votos.";"PL";"https://dadosabertos.camara.leg.br/api/v2/partidos/37906";"Sim"
"2494613-2";"https://dadosabertos.camara.leg.br/api/v2/votacoes/2494613-2";"CREDN";"Aprovado o Requerimento. Resultado da votação nominal:  22 votos ""Sim"", 6 votos ""Não"". Quórum de votação: 28 votos.";"Fdr PT-PCdoB-PV";"";"Não"
"2494658-8";"https://dadosabertos.camara.leg.br/api/v2/votacoes/2494658-8";"PLEN";"Aprovado o Requerimento de Urgência (Art. 155 do RICD). Sim: 279; Não: 113; Total: 392.";"Oposição";"";"Não"
"2494658-8";"https://dadosabertos.camara.leg.br/api/v2/votacoes/2494658-8";"PLEN";"Aprovado o Requerimento de Urgência (Art. 155 do RICD). Sim: 279; Não: 113; Total: 392.";"Fdr PSOL-REDE";"";"Sim"
"2494658-8";"https://dadosabertos.camara.leg.br/api/v2/votacoes/2494658-8";"PLEN";"Aprovado o Requerimento de Urgência (Art. 155 do RICD). Sim: 279; Não: 113; Total: 392.";"Novo";"https://dadosabertos.camara.leg.br/api/v2/partidos/37901";"Não"
"2494658-8";"https://dadosabertos.camara.leg.br/api/v2/votacoes/2494658-8";"PLEN";"Aprovado o Requerimento de Urgência (Art. 155 do RICD). Sim: 279; Não: 113; Total: 392.";"Governo";"";""
"2494658-8";"https://dadosabertos.camara.leg.br/api/v2/votacoes/2494658-8";"PLEN";"Aprovado o Requerimento de Urgência (Art. 155 do RICD). Sim: 279; Não: 113; Total: 392.";"Bl PlFdrPTUniPp...";"";""
"2494658-8";"https://dadosabertos.camara.leg.br/api/v2/votacoes/2494658-8";"PLEN";"Aprovado o Requerimento de Urgência (Art. 155 do RICD). Sim: 279; Não: 113; Total: 392.";"Minoria";"";""
"2494658-8";"https://dadosabertos.camara.leg.br/api/v2/votacoes/2494658-8";"PLEN";"Aprovado o Requerimento de Urgência (Art. 155 do RICD). Sim: 279; Não: 113; Total: 392.";"Solidaried";"";""
"2494658-8";"https://dadosabertos.camara.leg.br/api/v2/votacoes/2494658-8";"PLEN";"Aprovado o Requerimento de Urgência (Art. 155 do RICD). Sim: 279; Não: 113; Total: 392.";"Maioria";"";"Sim"
"2494647-7";"https://dadosabertos.camara.leg.br/api/v2/votacoes/2494647-7";"PLEN";"Aprovado o Requerimento de Urgência (Art. 155 do RICD). Sim: 291; Não: 110; Total: 401.";"Solidaried";"";""
"2494647-7";"https://dadosabertos.camara.leg.br/api/v2/votacoes/2494647-7";"PLEN";"Aprovado o Requerimento de Urgência (Art. 155 do RICD). Sim: 291; Não: 110; Total: 401.";"Maioria";"";"Sim"
"2494647-7";"https://dadosabertos.camara.leg.br/api/v2/votacoes/2494647-7";"PLEN";"Aprovado o Requerimento de Urgência (Art. 155 do RICD). Sim: 291; Não: 110; Total: 401.";"Bl PlFdrPTUniPp...";"";""
"2494647-7";"https://dadosabertos.camara.leg.br/api/v2/votacoes/2494647-7";"PLEN";"Aprovado o Requerimento de Urgência (Art. 155 do RICD). Sim: 291; Não: 110; Total: 401.";"Novo";"https://dadosabertos.camara.leg.br/api/v2/partidos/37901";"Não"
"2494647-7";"https://dadosabertos.camara.leg.br/api/v2/votacoes/2494647-7";"PLEN";"Aprovado o Requerimento de Urgência (Art. 155 do RICD). Sim: 291; Não: 110; Total: 401.";"Minoria";"";"Não"
"2494647-7";"https://dadosabertos.camara.leg.br/api/v2/votacoes/2494647-7";"PLEN";"Aprovado o Requerimento de Urgência (Art. 155 do RICD). Sim: 291; Não: 110; Total: 401.";"Governo";"";""
"2494647-7";"https://dadosabertos.camara.leg.br/api/v2/votacoes/2494647-7";"PLEN";"Aprovado o Requerimento de Urgência (Art. 155 do RICD). Sim: 291; Não: 110; Total: 401.";"Oposição";"";"Não"
"2494647-7";"https://dadosabertos.camara.leg.br/api/v2/votacoes/2494647-7";"PLEN";"Aprovado o Requerimento de Urgência (Art. 155 do RICD). Sim: 291; Não: 110; Total: 401.";"Fdr PSOL-REDE";"";"Sim"
"2494645-8";"https://dadosabertos.camara.leg.br/api/v2/votacoes/2494645-8";"PLEN";"Aprovado o Requerimento de Urgência (Art. 155 do RICD). Sim: 259; Não: 113; Abstenção: 3; Total: 375.";"Maioria";"";"Sim"
"2494645-8";"https://dadosabertos.camara.leg.br/api/v2/votacoes/2494645-8";"PLEN";"Aprovado o Requerimento de Urgência (Art. 155 do RICD). Sim: 259; Não: 113; Abstenção: 3; Total: 375.";"Oposição";"";"Não"
"2494645-8";"https://dadosabertos.camara.leg.br/api/v2/votacoes/2494645-8";"PLEN";"Aprovado o Requerimento de Urgência (Art. 155 do RICD). Sim: 259; Não: 113; Abstenção: 3; Total: 375.";"Bl PlFdrPTUniPp...";"";""
"2494645-8";"https://dadosabertos.camara.leg.br/api/v2/votacoes/2494645-8";"PLEN";"Aprovado o Requerimento de Urgência (Art. 155 do RICD). Sim: 259; Não: 113; Abstenção: 3; Total: 375.";"Fdr PSOL-REDE";"";"Sim"
"2494645-8";"https://dadosabertos.camara.leg.br/api/v2/votacoes/2494645-8";"PLEN";"Aprovado o Requerimento de Urgência (Art. 155 do RICD). Sim: 259; Não: 113; Abstenção: 3; Total: 375.";"Novo";"https://dadosabertos.camara.leg.br/api/v2/partidos/37901";""
"2494645-8";"https://dadosabertos.camara.leg.br/api/v2/votacoes/2494645-8";"PLEN";"Aprovado o Requerimento de Urgência (Art. 155 do RICD). Sim: 259; Não: 113; Abstenção: 3; Total: 375.";"Minoria";"";"Não"
"2494645-8";"https://dadosabertos.camara.leg.br/api/v2/votacoes/2494645-8";"PLEN";"Aprovado o Requerimento de Urgência (Art. 155 do RICD). Sim: 259; Não: 113; Abstenção: 3; Total: 375.";"Solidaried";"";""
"2494645-8";"https://dadosabertos.camara.leg.br/api/v2/votacoes/2494645-8";"PLEN";"Aprovado o Requerimento de Urgência (Art. 155 do RICD). Sim: 259; Não: 113; Abstenção: 3; Total: 375.";"Governo";"";""
"2494644-8";"https://dadosabertos.camara.leg.br/api/v2/votacoes/2494644-8";"PLEN";"Aprovado o Requerimento de Urgência (Art. 155 do RICD). Sim: 262; Não: 105; Abstenção: 1; Total: 368.";"Novo";"https://dadosabertos.camara.leg.br/api/v2/partidos/37901";"Não"
"2494644-8";"https://dadosabertos.camara.leg.br/api/v2/votacoes/2494644-8";"PLEN";"Aprovado o Requerimento de Urgência (Art. 155 do RICD). Sim: 262; Não: 105; Abstenção: 1; Total: 368.";"Solidaried";"";""
"2494644-8";"https://dadosabertos.camara.leg.br/api/v2/votacoes/2494644-8";"PLEN";"Aprovado o Requerimento de Urgência (Art. 155 do RICD). Sim: 262; Não: 105; Abstenção: 1; Total: 368.";"Governo";"";""
"2494644-8";"https://dadosabertos.camara.leg.br/api/v2/votacoes/2494644-8";"PLEN";"Aprovado o Requerimento de Urgência (Art. 155 do RICD). Sim: 262; Não: 105; Abstenção: 1; Total: 368.";"Bl PlFdrPTUniPp...";"";""
"2494644-8";"https://dadosabertos.camara.leg.br/api/v2/votacoes/2494644-8";"PLEN";"Aprovado o Requerimento de Urgência (Art. 155 do RICD). Sim: 262; Não: 105; Abstenção: 1; Total: 368.";"Oposição";"";"Não"
"2494644-8";"https://dadosabertos.camara.leg.br/api/v2/votacoes/2494644-8";"PLEN";"Aprovado o Requerimento de Urgência (Art. 155 do RICD). Sim: 262; Não: 105; Abstenção: 1; Total: 368.";"Fdr PSOL-REDE";"";"Sim"
"2494644-8";"https://dadosabertos.camara.leg.br/api/v2/votacoes/2494644-8";"PLEN";"Aprovado o Requerimento de Urgência (Art. 155 do RICD). Sim: 262; Não: 105; Abstenção: 1; Total: 368.";"Maioria";"";"Sim"
"2494644-8";"https://dadosabertos.camara.leg.br/api/v2/votacoes/2494644-8";"PLEN";"Aprovado o Requerimento de Urgência (Art. 155 do RICD). Sim: 262; Não: 105; Abstenção: 1; Total: 368.";"Minoria";"";"Não"
"2492307-38";"https://dadosabertos.camara.leg.br/api/v2/votacoes/2492307-38";"PLEN";"Aprovado o Requerimento. Sim: 300; Não: 92; Total: 392.";"Minoria";"";"Obstrução"
"2492307-38";"https://dadosabertos.camara.leg.br/api/v2/votacoes/2492307-38";"PLEN";"Aprovado o Requerimento. Sim: 300; Não: 92; Total: 392.";"Novo";"https://dadosabertos.camara.leg.br/api/v2/partidos/37901";"Obstrução"
"2492307-38";"https://dadosabertos.camara.leg.br/api/v2/votacoes/2492307-38";"PLEN";"Aprovado o Requerimento. Sim: 300; Não: 92; Total: 392.";"Fdr PSOL-REDE";"";"Sim"
"2492307-38";"https://dadosabertos.camara.leg.br/api/v2/votacoes/2492307-38";"PLEN";"Aprovado o Requerimento. Sim: 300; Não: 92; Total: 392.";"Oposição";"";"Obstrução"
"2492307-38";"https://dadosabertos.camara.leg.br/api/v2/votacoes/2492307-38";"PLEN";"Aprovado o Requerimento. Sim: 300; Não: 92; Total: 392.";"Governo";"";"Sim"
"2492307-38";"https://dadosabertos.camara.leg.br/api/v2/votacoes/2492307-38";"PLEN";"Aprovado o Requerimento. Sim: 300; Não: 92; Total: 392.";"Maioria";"";"Sim"
"2492307-38";"https://dadosabertos.camara.leg.br/api/v2/votacoes/2492307-38";"PLEN";"Aprovado o Requerimento. Sim: 300; Não: 92; Total: 392.";"Bl PlFdrPTUniPp...";"";""
"2492307-38";"https://dadosabertos.camara.leg.br/api/v2/votacoes/2492307-38";"PLEN";"Aprovado o Requerimento. Sim: 300; Não: 92; Total: 392.";"Solidaried";"";"Sim"
"2492307-32";"https://dadosabertos.camara.leg.br/api/v2/votacoes/2492307-32";"PLEN";"Rejeitado o Requerimento. Sim: 85; Não: 283; Abstenção: 1; Total: 369.";"Oposição";"";"Sim"
"2492307-32";"https://dadosabertos.camara.leg.br/api/v2/votacoes/2492307-32";"PLEN";"Rejeitado o Requerimento. Sim: 85; Não: 283; Abstenção: 1; Total: 369.";"Bl PlFdrPTUniPp...";"";""
"2492307-32";"https://dadosabertos.camara.leg.br/api/v2/votacoes/2492307-32";"PLEN";"Rejeitado o Requerimento. Sim: 85; Não: 283; Abstenção: 1; Total: 369.";"Governo";"";"Não"
"2492307-32";"https://dadosabertos.camara.leg.br/api/v2/votacoes/2492307-32";"PLEN";"Rejeitado o Requerimento. Sim: 85; Não: 283; Abstenção: 1; Total: 369.";"Fdr PSOL-REDE";"";"Não"
"2492307-32";"https://dadosabertos.camara.leg.br/api/v2/votacoes/2492307-32";"PLEN";"Rejeitado o Requerimento. Sim: 85; Não: 283; Abstenção: 1; Total: 369.";"Minoria";"";""
"2492307-32";"https://dadosabertos.camara.leg.br/api/v2/votacoes/2492307-32";"PLEN";"Rejeitado o Requerimento. Sim: 85; Não: 283; Abstenção: 1; Total: 369.";"Solidaried";"";"Não"
"2492307-32";"https://dadosabertos.camara.leg.br/api/v2/votacoes/2492307-32";"PLEN";"Rejeitado o Requerimento. Sim: 85; Não: 283; Abstenção: 1; Total: 369.";"Novo";"https://dadosabertos.camara.leg.br/api/v2/partidos/37901";"Obstrução"
"2492307-32";"https://dadosabertos.camara.leg.br/api/v2/votacoes/2492307-32";"PLEN";"Rejeitado o Requerimento. Sim: 85; Não: 283; Abstenção: 1; Total: 369.";"Maioria";"";"Não"
"2494086-7";"https://dadosabertos.camara.leg.br/api/v2/votacoes/2494086-7";"PLEN";"Aprovado o Requerimento. Sim: 361; Não: 10; Abstenção: 2; Total: 373.";"Solidaried";"";""
"2494086-7";"https://dadosabertos.camara.leg.br/api/v2/votacoes/2494086-7";"PLEN";"Aprovado o Requerimento. Sim: 361; Não: 10; Abstenção: 2; Total: 373.";"Maioria";"";"Sim"
"2494086-7";"https://dadosabertos.camara.leg.br/api/v2/votacoes/2494086-7";"PLEN";"Aprovado o Requerimento. Sim: 361; Não: 10; Abstenção: 2; Total: 373.";"Governo";"";"Sim"
"2494086-7";"https://dadosabertos.camara.leg.br/api/v2/votacoes/2494086-7";"PLEN";"Aprovado o Requerimento. Sim: 361; Não: 10; Abstenção: 2; Total: 373.";"Oposição";"";"Sim"
"2494086-7";"https://dadosabertos.camara.leg.br/api/v2/votacoes/2494086-7";"PLEN";"Aprovado o Requerimento. Sim: 361; Não: 10; Abstenção: 2; Total: 373.";"Novo";"https://dadosabertos.camara.leg.br/api/v2/partidos/37901";"Obstrução"
"2494086-7";"https://dadosabertos.camara.leg.br/api/v2/votacoes/2494086-7";"PLEN";"Aprovado o Requerimento. Sim: 361; Não: 10; Abstenção: 2; Total: 373.";"Minoria";"";"Sim"
"2494086-7";"https://dadosabertos.camara.leg.br/api/v2/votacoes/2494086-7";"PLEN";"Aprovado o Requerimento. Sim: 361; Não: 10; Abstenção: 2; Total: 373.";"Fdr PSOL-REDE";"";"Sim"
"2494086-7";"https://dadosabertos.camara.leg.br/api/v2/votacoes/2494086-7";"PLEN";"Aprovado o Requerimento. Sim: 361; Não: 10; Abstenção: 2; Total: 373.";"Bl PlFdrPTUniPp...";"";""
"2302821-51";"https://dadosabertos.camara.leg.br/api/v2/votacoes/2302821-51";"CCJC";"Rejeitado o Requerimento de Retirada de Pauta. Resultado:  10 votos ""Sim"", 33 votos ""Não"". Quórum de votação: 43 votos válidos e 4 obstruções.";"Fdr PT-PCdoB-PV";"";"Não"
"2302821-51";"https://dadosabertos.camara.leg.br/api/v2/votacoes/2302821-51";"CCJC";"Rejeitado o Requerimento de Retirada de Pauta. Resultado:  10 votos ""Sim"", 33 votos ""Não"". Quórum de votação: 43 votos válidos e 4 obstruções.";"PODE";"https://dadosabertos.camara.leg.br/api/v2/partidos/36896";"Sim"
"2302821-51";"https://dadosabertos.camara.leg.br/api/v2/votacoes/2302821-51";"CCJC";"Rejeitado o Requerimento de Retirada de Pauta. Resultado:  10 votos ""Sim"", 33 votos ""Não"". Quórum de votação: 43 votos válidos e 4 obstruções.";"PSB";"https://dadosabertos.camara.leg.br/api/v2/partidos/36832";"Não"
"2302821-51";"https://dadosabertos.camara.leg.br/api/v2/votacoes/2302821-51";"CCJC";"Rejeitado o Requerimento de Retirada de Pauta. Resultado:  10 votos ""Sim"", 33 votos ""Não"". Quórum de votação: 43 votos válidos e 4 obstruções.";"PDT";"https://dadosabertos.camara.leg.br/api/v2/partidos/36786";"Não"
"2302821-51";"https://dadosabertos.camara.leg.br/api/v2/votacoes/2302821-51";"CCJC";"Rejeitado o Requerimento de Retirada de Pauta. Resultado:  10 votos ""Sim"", 33 votos ""Não"". Quórum de votação: 43 votos válidos e 4 obstruções.";"PL";"https://dadosabertos.camara.leg.br/api/v2/partidos/37906";"Sim"
"2302821-51";"https://dadosabertos.camara.leg.br/api/v2/votacoes/2302821-51";"CCJC";"Rejeitado o Requerimento de Retirada de Pauta. Resultado:  10 votos ""Sim"", 33 votos ""Não"". Quórum de votação: 43 votos válidos e 4 obstruções.";"Minoria";"";"Sim"
"2321016-41";"https://dadosabertos.camara.leg.br/api/v2/votacoes/2321016-41";"CCJC";"Rejeitado o Requerimento de Retirada de Pauta. Resultado: 34 votos ""Não"". Quórum de votação: 34 votos válidos e 8 obstruções.";"Oposição";"";"Obstrução"
"2321016-41";"https://dadosabertos.camara.leg.br/api/v2/votacoes/2321016-41";"CCJC";"Rejeitado o Requerimento de Retirada de Pauta. Resultado: 34 votos ""Não"". Quórum de votação: 34 votos válidos e 8 obstruções.";"Minoria";"";"Obstrução"
"2321016-41";"https://dadosabertos.camara.leg.br/api/v2/votacoes/2321016-41";"CCJC";"Rejeitado o Requerimento de Retirada de Pauta. Resultado: 34 votos ""Não"". Quórum de votação: 34 votos válidos e 8 obstruções.";"PDT";"https://dadosabertos.camara.leg.br/api/v2/partidos/36786";"Não"
"2321016-41";"https://dadosabertos.camara.leg.br/api/v2/votacoes/2321016-41";"CCJC";"Rejeitado o Requerimento de Retirada de Pauta. Resultado: 34 votos ""Não"". Quórum de votação: 34 votos válidos e 8 obstruções.";"PSB";"https://dadosabertos.camara.leg.br/api/v2/partidos/36832";"Não"
"2321016-41";"https://dadosabertos.camara.leg.br/api/v2/votacoes/2321016-41";"CCJC";"Rejeitado o Requerimento de Retirada de Pauta. Resultado: 34 votos ""Não"". Quórum de votação: 34 votos válidos e 8 obstruções.";"SOLIDARIEDADE";"";"Não"
"2321016-41";"https://dadosabertos.camara.leg.br/api/v2/votacoes/2321016-41";"CCJC";"Rejeitado o Requerimento de Retirada de Pauta. Resultado: 34 votos ""Não"". Quórum de votação: 34 votos válidos e 8 obstruções.";"REPUBLICANOS";"";"Não"
"2321016-41";"https://dadosabertos.camara.leg.br/api/v2/votacoes/2321016-41";"CCJC";"Rejeitado o Requerimento de Retirada de Pauta. Resultado: 34 votos ""Não"". Quórum de votação: 34 votos válidos e 8 obstruções.";"UNIÃO";"https://dadosabertos.camara.leg.br/api/v2/partidos/38009";"Não"
"2321016-41";"https://dadosabertos.camara.leg.br/api/v2/votacoes/2321016-41";"CCJC";"Rejeitado o Requerimento de Retirada de Pauta. Resultado: 34 votos ""Não"". Quórum de votação: 34 votos válidos e 8 obstruções.";"PL";"https://dadosabertos.camara.leg.br/api/v2/partidos/37906";"Obstrução"
"2321016-41";"https://dadosabertos.camara.leg.br/api/v2/votacoes/2321016-41";"CCJC";"Rejeitado o Requerimento de Retirada de Pauta. Resultado: 34 votos ""Não"". Quórum de votação: 34 votos válidos e 8 obstruções.";"PODE";"https://dadosabertos.camara.leg.br/api/v2/partidos/36896";"Obstrução"
"2321016-41";"https://dadosabertos.camara.leg.br/api/v2/votacoes/2321016-41";"CCJC";"Rejeitado o Requerimento de Retirada de Pauta. Resultado: 34 votos ""Não"". Quórum de votação: 34 votos válidos e 8 obstruções.";"Fdr PT-PCdoB-PV";"";"Não"
"601668-75";"https://dadosabertos.camara.leg.br/api/v2/votacoes/601668-75";"CCJC";"Rejeitado o Requerimento de Retirada de Pauta. Resultado:  4 votos ""Sim"", 36 votos ""Não"". Quórum de votação: 40 votos válidos e 6 obstruções.";"REPUBLICANOS";"";"Não"
"601668-75";"https://dadosabertos.camara.leg.br/api/v2/votacoes/601668-75";"CCJC";"Rejeitado o Requerimento de Retirada de Pauta. Resultado:  4 votos ""Sim"", 36 votos ""Não"". Quórum de votação: 40 votos válidos e 6 obstruções.";"UNIÃO";"https://dadosabertos.camara.leg.br/api/v2/partidos/38009";"Não"
"601668-75";"https://dadosabertos.camara.leg.br/api/v2/votacoes/601668-75";"CCJC";"Rejeitado o Requerimento de Retirada de Pauta. Resultado:  4 votos ""Sim"", 36 votos ""Não"". Quórum de votação: 40 votos válidos e 6 obstruções.";"PL";"https://dadosabertos.camara.leg.br/api/v2/partidos/37906";"Obstrução"
"601668-75";"https://dadosabertos.camara.leg.br/api/v2/votacoes/601668-75";"CCJC";"Rejeitado o Requerimento de Retirada de Pauta. Resultado:  4 votos ""Sim"", 36 votos ""Não"". Quórum de votação: 40 votos válidos e 6 obstruções.";"Minoria";"";"Sim"
"601668-75";"https://dadosabertos.camara.leg.br/api/v2/votacoes/601668-75";"CCJC";"Rejeitado o Requerimento de Retirada de Pauta. Resultado:  4 votos ""Sim"", 36 votos ""Não"". Quórum de votação: 40 votos válidos e 6 obstruções.";"PSB";"https://dadosabertos.camara.leg.br/api/v2/partidos/36832";"Não"
"601668-75";"https://dadosabertos.camara.leg.br/api/v2/votacoes/601668-75";"CCJC";"Rejeitado o Requerimento de Retirada de Pauta. Resultado:  4 votos ""Sim"", 36 votos ""Não"". Quórum de votação: 40 votos válidos e 6 obstruções.";"PP";"https://dadosabertos.camara.leg.br/api/v2/partidos/37903";"Não"
"601668-75";"https://dadosabertos.camara.leg.br/api/v2/votacoes/601668-75";"CCJC";"Rejeitado o Requerimento de Retirada de Pauta. Resultado:  4 votos ""Sim"", 36 votos ""Não"". Quórum de votação: 40 votos válidos e 6 obstruções.";"Oposição";"";"Obstrução"
"601668-75";"https://dadosabertos.camara.leg.br/api/v2/votacoes/601668-75";"CCJC";"Rejeitado o Requerimento de Retirada de Pauta. Resultado:  4 votos ""Sim"", 36 votos ""Não"". Quórum de votação: 40 votos válidos e 6 obstruções.";"SOLIDARIEDADE";"";"Não"
"601668-75";"https://dadosabertos.camara.leg.br/api/v2/votacoes/601668-75";"CCJC";"Rejeitado o Requerimento de Retirada de Pauta. Resultado:  4 votos ""Sim"", 36 votos ""Não"". Quórum de votação: 40 votos válidos e 6 obstruções.";"Fdr PT-PCdoB-PV";"";"Não"
"601668-75";"https://dadosabertos.camara.leg.br/api/v2/votacoes/601668-75";"CCJC";"Rejeitado o Requerimento de Retirada de Pauta. Resultado:  4 votos ""Sim"", 36 votos ""Não"". Quórum de votação: 40 votos válidos e 6 obstruções.";"Maioria";"";"Não"
"601668-75";"https://dadosabertos.camara.leg.br/api/v2/votacoes/601668-75";"CCJC";"Rejeitado o Requerimento de Retirada de Pauta. Resultado:  4 votos ""Sim"", 36 votos ""Não"". Quórum de votação: 40 votos válidos e 6 obstruções.";"PDT";"https://dadosabertos.camara.leg.br/api/v2/partidos/36786";"Não"
"601668-75";"https://dadosabertos.camara.leg.br/api/v2/votacoes/601668-75";"CCJC";"Rejeitado o Requerimento de Retirada de Pauta. Resultado:  4 votos ""Sim"", 36 votos ""Não"". Quórum de votação: 40 votos válidos e 6 obstruções.";"PODE";"https://dadosabertos.camara.leg.br/api/v2/partidos/36896";"Obstrução"
"1243686-66";"https://dadosabertos.camara.leg.br/api/v2/votacoes/1243686-66";"CFT";"Rejeitado o Requerimento de Retirada de pauta. Resultado: 26 votos ""Não"". Quórum de votação: 26 votos.";"PSD";"https://dadosabertos.camara.leg.br/api/v2/partidos/36834";"Não"
"1243686-66";"https://dadosabertos.camara.leg.br/api/v2/votacoes/1243686-66";"CFT";"Rejeitado o Requerimento de Retirada de pauta. Resultado: 26 votos ""Não"". Quórum de votação: 26 votos.";"Oposição";"";"Obstrução"
"1243686-66";"https://dadosabertos.camara.leg.br/api/v2/votacoes/1243686-66";"CFT";"Rejeitado o Requerimento de Retirada de pauta. Resultado: 26 votos ""Não"". Quórum de votação: 26 votos.";"PDT";"https://dadosabertos.camara.leg.br/api/v2/partidos/36786";"Não"
"1243686-66";"https://dadosabertos.camara.leg.br/api/v2/votacoes/1243686-66";"CFT";"Rejeitado o Requerimento de Retirada de pauta. Resultado: 26 votos ""Não"". Quórum de votação: 26 votos.";"PL";"https://dadosabertos.camara.leg.br/api/v2/partidos/37906";"Obstrução"
"1243686-66";"https://dadosabertos.camara.leg.br/api/v2/votacoes/1243686-66";"CFT";"Rejeitado o Requerimento de Retirada de pauta. Resultado: 26 votos ""Não"". Quórum de votação: 26 votos.";"UNIÃO";"https://dadosabertos.camara.leg.br/api/v2/partidos/38009";"Não"
"1243686-66";"https://dadosabertos.camara.leg.br/api/v2/votacoes/1243686-66";"CFT";"Rejeitado o Requerimento de Retirada de pauta. Resultado: 26 votos ""Não"". Quórum de votação: 26 votos.";"Governo";"";"Não"
"1243686-66";"https://dadosabertos.camara.leg.br/api/v2/votacoes/1243686-66";"CFT";"Rejeitado o Requerimento de Retirada de pauta. Resultado: 26 votos ""Não"". Quórum de votação: 26 votos.";"Minoria";"";"Obstrução"
"1243686-66";"https://dadosabertos.camara.leg.br/api/v2/votacoes/1243686-66";"CFT";"Rejeitado o Requerimento de Retirada de pauta. Resultado: 26 votos ""Não"". Quórum de votação: 26 votos.";"Fdr PT-PCdoB-PV";"";"Não"
"2325986-29";"https://dadosabertos.camara.leg.br/api/v2/votacoes/2325986-29";"CE";"Rejeitado o Requerimento de Retirada de Pauta. Resultado: 25 votos ""Não"" e 4 votos Obstrução. Quórum de votação: 25 votos.";"PL";"https://dadosabertos.camara.leg.br/api/v2/partidos/37906";"Obstrução"
"2325986-29";"https://dadosabertos.camara.leg.br/api/v2/votacoes/2325986-29";"CE";"Rejeitado o Requerimento de Retirada de Pauta. Resultado: 25 votos ""Não"" e 4 votos Obstrução. Quórum de votação: 25 votos.";"NOVO";"https://dadosabertos.camara.leg.br/api/v2/partidos/37901";"Obstrução"
"2325986-29";"https://dadosabertos.camara.leg.br/api/v2/votacoes/2325986-29";"CE";"Rejeitado o Requerimento de Retirada de Pauta. Resultado: 25 votos ""Não"" e 4 votos Obstrução. Quórum de votação: 25 votos.";"PSB";"https://dadosabertos.camara.leg.br/api/v2/partidos/36832";"Não"
"2325986-29";"https://dadosabertos.camara.leg.br/api/v2/votacoes/2325986-29";"CE";"Rejeitado o Requerimento de Retirada de Pauta. Resultado: 25 votos ""Não"" e 4 votos Obstrução. Quórum de votação: 25 votos.";"Fdr PSOL-REDE";"";"Não"
"2325986-29";"https://dadosabertos.camara.leg.br/api/v2/votacoes/2325986-29";"CE";"Rejeitado o Requerimento de Retirada de Pauta. Resultado: 25 votos ""Não"" e 4 votos Obstrução. Quórum de votação: 25 votos.";"Oposição";"";"Obstrução"
"2325986-29";"https://dadosabertos.camara.leg.br/api/v2/votacoes/2325986-29";"CE";"Rejeitado o Requerimento de Retirada de Pauta. Resultado: 25 votos ""Não"" e 4 votos Obstrução. Quórum de votação: 25 votos.";"Maioria";"";"Não"
"2325986-29";"https://dadosabertos.camara.leg.br/api/v2/votacoes/2325986-29";"CE";"Rejeitado o Requerimento de Retirada de Pauta. Resultado: 25 votos ""Não"" e 4 votos Obstrução. Quórum de votação: 25 votos.";"PSD";"https://dadosabertos.camara.leg.br/api/v2/partidos/36834";"Não"
"2325986-29";"https://dadosabertos.camara.leg.br/api/v2/votacoes/2325986-29";"CE";"Rejeitado o Requerimento de Retirada de Pauta. Resultado: 25 votos ""Não"" e 4 votos Obstrução. Quórum de votação: 25 votos.";"Fdr PT-PCdoB-PV";"";"Não"
"2325986-29";"https://dadosabertos.camara.leg.br/api/v2/votacoes/2325986-29";"CE";"Rejeitado o Requerimento de Retirada de Pauta. Resultado: 25 votos ""Não"" e 4 votos Obstrução. Quórum de votação: 25 votos.";"MDB";"https://dadosabertos.camara.leg.br/api/v2/partidos/36899";"Não"
"2325986-29";"https://dadosabertos.camara.leg.br/api/v2/votacoes/2325986-29";"CE";"Rejeitado o Requerimento de Retirada de Pauta. Resultado: 25 votos ""Não"" e 4 votos Obstrução. Quórum de votação: 25 votos.";"Minoria";"";"Obstrução"
"2463814-46";"https://dadosabertos.camara.leg.br/api/v2/votacoes/2463814-46";"PLEN";"Aprovada a Medida Provisória nº 1.268, de 2024. Sim: 317; Não: 92; Abstenção: 2; Total: 411.";"Oposição";"";"Obstrução"
"2463814-46";"https://dadosabertos.camara.leg.br/api/v2/votacoes/2463814-46";"PLEN";"Aprovada a Medida Provisória nº 1.268, de 2024. Sim: 317; Não: 92; Abstenção: 2; Total: 411.";"Maioria";"";"Sim"
"2463814-46";"https://dadosabertos.camara.leg.br/api/v2/votacoes/2463814-46";"PLEN";"Aprovada a Medida Provisória nº 1.268, de 2024. Sim: 317; Não: 92; Abstenção: 2; Total: 411.";"Novo";"https://dadosabertos.camara.leg.br/api/v2/partidos/37901";"Obstrução"
"2463814-46";"https://dadosabertos.camara.leg.br/api/v2/votacoes/2463814-46";"PLEN";"Aprovada a Medida Provisória nº 1.268, de 2024. Sim: 317; Não: 92; Abstenção: 2; Total: 411.";"Minoria";"";"Obstrução"
"2463814-46";"https://dadosabertos.camara.leg.br/api/v2/votacoes/2463814-46";"PLEN";"Aprovada a Medida Provisória nº 1.268, de 2024. Sim: 317; Não: 92; Abstenção: 2; Total: 411.";"Bl PlFdrPTUniPp...";"";""
"2463814-46";"https://dadosabertos.camara.leg.br/api/v2/votacoes/2463814-46";"PLEN";"Aprovada a Medida Provisória nº 1.268, de 2024. Sim: 317; Não: 92; Abstenção: 2; Total: 411.";"Governo";"";"Sim"
"2463814-46";"https://dadosabertos.camara.leg.br/api/v2/votacoes/2463814-46";"PLEN";"Aprovada a Medida Provisória nº 1.268, de 2024. Sim: 317; Não: 92; Abstenção: 2; Total: 411.";"Solidaried";"";""
"2463814-46";"https://dadosabertos.camara.leg.br/api/v2/votacoes/2463814-46";"PLEN";"Aprovada a Medida Provisória nº 1.268, de 2024. Sim: 317; Não: 92; Abstenção: 2; Total: 411.";"Fdr PSOL-REDE";"";"Sim"
"2463814-44";"https://dadosabertos.camara.leg.br/api/v2/votacoes/2463814-44";"PLEN";"Aprovado, em apreciação preliminar, o Parecer da Comissão Mista de Planos, Orçamentos Públicos e Fiscalização, na parte em que manifesta opinião favorável quanto ao atendimento dos pressupostos constitucionais de relevância e urgência e de sua adequação financeira e orçamentária, nos termos do artigo 8º da Resolução nº 01, de 2002-CN. Sim: 316; Não: 88; Abstenção: 1; Total: 405.";"Novo";"https://dadosabertos.camara.leg.br/api/v2/partidos/37901";"Obstrução"
"2463814-44";"https://dadosabertos.camara.leg.br/api/v2/votacoes/2463814-44";"PLEN";"Aprovado, em apreciação preliminar, o Parecer da Comissão Mista de Planos, Orçamentos Públicos e Fiscalização, na parte em que manifesta opinião favorável quanto ao atendimento dos pressupostos constitucionais de relevância e urgência e de sua adequação financeira e orçamentária, nos termos do artigo 8º da Resolução nº 01, de 2002-CN. Sim: 316; Não: 88; Abstenção: 1; Total: 405.";"Governo";"";"Sim"
"2463814-44";"https://dadosabertos.camara.leg.br/api/v2/votacoes/2463814-44";"PLEN";"Aprovado, em apreciação preliminar, o Parecer da Comissão Mista de Planos, Orçamentos Públicos e Fiscalização, na parte em que manifesta opinião favorável quanto ao atendimento dos pressupostos constitucionais de relevância e urgência e de sua adequação financeira e orçamentária, nos termos do artigo 8º da Resolução nº 01, de 2002-CN. Sim: 316; Não: 88; Abstenção: 1; Total: 405.";"Oposição";"";"Obstrução"
"2463814-44";"https://dadosabertos.camara.leg.br/api/v2/votacoes/2463814-44";"PLEN";"Aprovado, em apreciação preliminar, o Parecer da Comissão Mista de Planos, Orçamentos Públicos e Fiscalização, na parte em que manifesta opinião favorável quanto ao atendimento dos pressupostos constitucionais de relevância e urgência e de sua adequação financeira e orçamentária, nos termos do artigo 8º da Resolução nº 01, de 2002-CN. Sim: 316; Não: 88; Abstenção: 1; Total: 405.";"Fdr PSOL-REDE";"";"Sim"
"2463814-44";"https://dadosabertos.camara.leg.br/api/v2/votacoes/2463814-44";"PLEN";"Aprovado, em apreciação preliminar, o Parecer da Comissão Mista de Planos, Orçamentos Públicos e Fiscalização, na parte em que manifesta opinião favorável quanto ao atendimento dos pressupostos constitucionais de relevância e urgência e de sua adequação financeira e orçamentária, nos termos do artigo 8º da Resolução nº 01, de 2002-CN. Sim: 316; Não: 88; Abstenção: 1; Total: 405.";"Solidaried";"";""
"2463814-44";"https://dadosabertos.camara.leg.br/api/v2/votacoes/2463814-44";"PLEN";"Aprovado, em apreciação preliminar, o Parecer da Comissão Mista de Planos, Orçamentos Públicos e Fiscalização, na parte em que manifesta opinião favorável quanto ao atendimento dos pressupostos constitucionais de relevância e urgência e de sua adequação financeira e orçamentária, nos termos do artigo 8º da Resolução nº 01, de 2002-CN. Sim: 316; Não: 88; Abstenção: 1; Total: 405.";"Bl PlFdrPTUniPp...";"";""
"2463814-44";"https://dadosabertos.camara.leg.br/api/v2/votacoes/2463814-44";"PLEN";"Aprovado, em apreciação preliminar, o Parecer da Comissão Mista de Planos, Orçamentos Públicos e Fiscalização, na parte em que manifesta opinião favorável quanto ao atendimento dos pressupostos constitucionais de relevância e urgência e de sua adequação financeira e orçamentária, nos termos do artigo 8º da Resolução nº 01, de 2002-CN. Sim: 316; Não: 88; Abstenção: 1; Total: 405.";"Maioria";"";"Sim"
"2463814-44";"https://dadosabertos.camara.leg.br/api/v2/votacoes/2463814-44";"PLEN";"Aprovado, em apreciação preliminar, o Parecer da Comissão Mista de Planos, Orçamentos Públicos e Fiscalização, na parte em que manifesta opinião favorável quanto ao atendimento dos pressupostos constitucionais de relevância e urgência e de sua adequação financeira e orçamentária, nos termos do artigo 8º da Resolução nº 01, de 2002-CN. Sim: 316; Não: 88; Abstenção: 1; Total: 405.";"Minoria";"";"Obstrução"
"2463814-40";"https://dadosabertos.camara.leg.br/api/v2/votacoes/2463814-40";"PLEN";"Aprovado o Requerimento. Sim: 308; Não: 88; Total: 396.";"Maioria";"";"Sim"
"2463814-40";"https://dadosabertos.camara.leg.br/api/v2/votacoes/2463814-40";"PLEN";"Aprovado o Requerimento. Sim: 308; Não: 88; Total: 396.";"Bl PlFdrPTUniPp...";"";""
"2463814-40";"https://dadosabertos.camara.leg.br/api/v2/votacoes/2463814-40";"PLEN";"Aprovado o Requerimento. Sim: 308; Não: 88; Total: 396.";"Minoria";"";"Obstrução"
"2463814-40";"https://dadosabertos.camara.leg.br/api/v2/votacoes/2463814-40";"PLEN";"Aprovado o Requerimento. Sim: 308; Não: 88; Total: 396.";"Fdr PSOL-REDE";"";"Sim"
"2463814-40";"https://dadosabertos.camara.leg.br/api/v2/votacoes/2463814-40";"PLEN";"Aprovado o Requerimento. Sim: 308; Não: 88; Total: 396.";"Novo";"https://dadosabertos.camara.leg.br/api/v2/partidos/37901";"Obstrução"
"2463814-40";"https://dadosabertos.camara.leg.br/api/v2/votacoes/2463814-40";"PLEN";"Aprovado o Requerimento. Sim: 308; Não: 88; Total: 396.";"Governo";"";"Sim"
"2463814-40";"https://dadosabertos.camara.leg.br/api/v2/votacoes/2463814-40";"PLEN";"Aprovado o Requerimento. Sim: 308; Não: 88; Total: 396.";"Oposição";"";"Obstrução"
"2463814-40";"https://dadosabertos.camara.leg.br/api/v2/votacoes/2463814-40";"PLEN";"Aprovado o Requerimento. Sim: 308; Não: 88; Total: 396.";"Solidaried";"";""
"2463814-34";"https://dadosabertos.camara.leg.br/api/v2/votacoes/2463814-34";"PLEN";"Rejeitado o Requerimento. Sim: 88; Não: 269; Abstenção: 1; Total: 358.";"Solidaried";"";""
"2463814-34";"https://dadosabertos.camara.leg.br/api/v2/votacoes/2463814-34";"PLEN";"Rejeitado o Requerimento. Sim: 88; Não: 269; Abstenção: 1; Total: 358.";"Minoria";"";"Sim"
"2463814-34";"https://dadosabertos.camara.leg.br/api/v2/votacoes/2463814-34";"PLEN";"Rejeitado o Requerimento. Sim: 88; Não: 269; Abstenção: 1; Total: 358.";"Governo";"";"Não"
"2463814-34";"https://dadosabertos.camara.leg.br/api/v2/votacoes/2463814-34";"PLEN";"Rejeitado o Requerimento. Sim: 88; Não: 269; Abstenção: 1; Total: 358.";"Novo";"https://dadosabertos.camara.leg.br/api/v2/partidos/37901";"Obstrução"
"2463814-34";"https://dadosabertos.camara.leg.br/api/v2/votacoes/2463814-34";"PLEN";"Rejeitado o Requerimento. Sim: 88; Não: 269; Abstenção: 1; Total: 358.";"Maioria";"";"Não"
"2463814-34";"https://dadosabertos.camara.leg.br/api/v2/votacoes/2463814-34";"PLEN";"Rejeitado o Requerimento. Sim: 88; Não: 269; Abstenção: 1; Total: 358.";"Fdr PSOL-REDE";"";"Não"
"2463814-34";"https://dadosabertos.camara.leg.br/api/v2/votacoes/2463814-34";"PLEN";"Rejeitado o Requerimento. Sim: 88; Não: 269; Abstenção: 1; Total: 358.";"Bl PlFdrPTUniPp...";"";""
"2463814-34";"https://dadosabertos.camara.leg.br/api/v2/votacoes/2463814-34";"PLEN";"Rejeitado o Requerimento. Sim: 88; Não: 269; Abstenção: 1; Total: 358.";"Oposição";"";"Sim"
"2442848-50";"https://dadosabertos.camara.leg.br/api/v2/votacoes/2442848-50";"PLEN";"Aprovado o Projeto de Decreto Legislativo nº 311, de 2024. Sim: 270; Não: 7; Abstenção: 5; Total: 282.";"Bl PlFdrPTUniPp...";"";""
"2442848-50";"https://dadosabertos.camara.leg.br/api/v2/votacoes/2442848-50";"PLEN";"Aprovado o Projeto de Decreto Legislativo nº 311, de 2024. Sim: 270; Não: 7; Abstenção: 5; Total: 282.";"Novo";"https://dadosabertos.camara.leg.br/api/v2/partidos/37901";"Obstrução"
"2442848-50";"https://dadosabertos.camara.leg.br/api/v2/votacoes/2442848-50";"PLEN";"Aprovado o Projeto de Decreto Legislativo nº 311, de 2024. Sim: 270; Não: 7; Abstenção: 5; Total: 282.";"Fdr PSOL-REDE";"";""
"2442848-50";"https://dadosabertos.camara.leg.br/api/v2/votacoes/2442848-50";"PLEN";"Aprovado o Projeto de Decreto Legislativo nº 311, de 2024. Sim: 270; Não: 7; Abstenção: 5; Total: 282.";"Maioria";"";"Sim"
"2442848-50";"https://dadosabertos.camara.leg.br/api/v2/votacoes/2442848-50";"PLEN";"Aprovado o Projeto de Decreto Legislativo nº 311, de 2024. Sim: 270; Não: 7; Abstenção: 5; Total: 282.";"Governo";"";"Sim"
"2442848-50";"https://dadosabertos.camara.leg.br/api/v2/votacoes/2442848-50";"PLEN";"Aprovado o Projeto de Decreto Legislativo nº 311, de 2024. Sim: 270; Não: 7; Abstenção: 5; Total: 282.";"Solidaried";"";""
"2442848-50";"https://dadosabertos.camara.leg.br/api/v2/votacoes/2442848-50";"PLEN";"Aprovado o Projeto de Decreto Legislativo nº 311, de 2024. Sim: 270; Não: 7; Abstenção: 5; Total: 282.";"Oposição";"";"Obstrução"
"2442848-50";"https://dadosabertos.camara.leg.br/api/v2/votacoes/2442848-50";"PLEN";"Aprovado o Projeto de Decreto Legislativo nº 311, de 2024. Sim: 270; Não: 7; Abstenção: 5; Total: 282.";"Minoria";"";"Obstrução"
"2442848-47";"https://dadosabertos.camara.leg.br/api/v2/votacoes/2442848-47";"PLEN";"Rejeitado o Requerimento. Sim: 36; Não: 268; Abstenção: 6; Total: 310.";"Minoria";"";"Obstrução"
"2442848-47";"https://dadosabertos.camara.leg.br/api/v2/votacoes/2442848-47";"PLEN";"Rejeitado o Requerimento. Sim: 36; Não: 268; Abstenção: 6; Total: 310.";"Bl PlFdrPTUniPp...";"";""
"2442848-47";"https://dadosabertos.camara.leg.br/api/v2/votacoes/2442848-47";"PLEN";"Rejeitado o Requerimento. Sim: 36; Não: 268; Abstenção: 6; Total: 310.";"Novo";"https://dadosabertos.camara.leg.br/api/v2/partidos/37901";"Obstrução"
"2442848-47";"https://dadosabertos.camara.leg.br/api/v2/votacoes/2442848-47";"PLEN";"Rejeitado o Requerimento. Sim: 36; Não: 268; Abstenção: 6; Total: 310.";"Solidaried";"";""
"2442848-47";"https://dadosabertos.camara.leg.br/api/v2/votacoes/2442848-47";"PLEN";"Rejeitado o Requerimento. Sim: 36; Não: 268; Abstenção: 6; Total: 310.";"Governo";"";"Não"
"2442848-47";"https://dadosabertos.camara.leg.br/api/v2/votacoes/2442848-47";"PLEN";"Rejeitado o Requerimento. Sim: 36; Não: 268; Abstenção: 6; Total: 310.";"Oposição";"";"Obstrução"
"2442848-47";"https://dadosabertos.camara.leg.br/api/v2/votacoes/2442848-47";"PLEN";"Rejeitado o Requerimento. Sim: 36; Não: 268; Abstenção: 6; Total: 310.";"Maioria";"";"Não"
"2442848-47";"https://dadosabertos.camara.leg.br/api/v2/votacoes/2442848-47";"PLEN";"Rejeitado o Requerimento. Sim: 36; Não: 268; Abstenção: 6; Total: 310.";"Fdr PSOL-REDE";"";""
"2442848-42";"https://dadosabertos.camara.leg.br/api/v2/votacoes/2442848-42";"PLEN";"Rejeitado o Requerimento. Sim: 43; Não: 268; Abstenção: 9; Total: 320.";"Minoria";"";"Obstrução"
"2442848-42";"https://dadosabertos.camara.leg.br/api/v2/votacoes/2442848-42";"PLEN";"Rejeitado o Requerimento. Sim: 43; Não: 268; Abstenção: 9; Total: 320.";"Maioria";"";"Não"
"2442848-42";"https://dadosabertos.camara.leg.br/api/v2/votacoes/2442848-42";"PLEN";"Rejeitado o Requerimento. Sim: 43; Não: 268; Abstenção: 9; Total: 320.";"Bl PlFdrPTUniPp...";"";""
"2442848-42";"https://dadosabertos.camara.leg.br/api/v2/votacoes/2442848-42";"PLEN";"Rejeitado o Requerimento. Sim: 43; Não: 268; Abstenção: 9; Total: 320.";"Governo";"";"Não"
"2442848-42";"https://dadosabertos.camara.leg.br/api/v2/votacoes/2442848-42";"PLEN";"Rejeitado o Requerimento. Sim: 43; Não: 268; Abstenção: 9; Total: 320.";"Fdr PSOL-REDE";"";""
"2442848-42";"https://dadosabertos.camara.leg.br/api/v2/votacoes/2442848-42";"PLEN";"Rejeitado o Requerimento. Sim: 43; Não: 268; Abstenção: 9; Total: 320.";"Novo";"https://dadosabertos.camara.leg.br/api/v2/partidos/37901";"Obstrução"
"2442848-42";"https://dadosabertos.camara.leg.br/api/v2/votacoes/2442848-42";"PLEN";"Rejeitado o Requerimento. Sim: 43; Não: 268; Abstenção: 9; Total: 320.";"Solidaried";"";""
"2442848-42";"https://dadosabertos.camara.leg.br/api/v2/votacoes/2442848-42";"PLEN";"Rejeitado o Requerimento. Sim: 43; Não: 268; Abstenção: 9; Total: 320.";"Oposição";"";"Obstrução"
"2410601-46";"https://dadosabertos.camara.leg.br/api/v2/votacoes/2410601-46";"PLEN";"Aprovado o Projeto de Decreto Legislativo nº 478, de 2023. Sim: 310; Não: 5; Abstenção: 10; Total: 325.";"Fdr PSOL-REDE";"";""
"2410601-46";"https://dadosabertos.camara.leg.br/api/v2/votacoes/2410601-46";"PLEN";"Aprovado o Projeto de Decreto Legislativo nº 478, de 2023. Sim: 310; Não: 5; Abstenção: 10; Total: 325.";"Oposição";"";"Obstrução"
"2410601-46";"https://dadosabertos.camara.leg.br/api/v2/votacoes/2410601-46";"PLEN";"Aprovado o Projeto de Decreto Legislativo nº 478, de 2023. Sim: 310; Não: 5; Abstenção: 10; Total: 325.";"Governo";"";"Sim"
"2410601-46";"https://dadosabertos.camara.leg.br/api/v2/votacoes/2410601-46";"PLEN";"Aprovado o Projeto de Decreto Legislativo nº 478, de 2023. Sim: 310; Não: 5; Abstenção: 10; Total: 325.";"Novo";"https://dadosabertos.camara.leg.br/api/v2/partidos/37901";"Obstrução"
"2410601-46";"https://dadosabertos.camara.leg.br/api/v2/votacoes/2410601-46";"PLEN";"Aprovado o Projeto de Decreto Legislativo nº 478, de 2023. Sim: 310; Não: 5; Abstenção: 10; Total: 325.";"Solidaried";"";""
"2410601-46";"https://dadosabertos.camara.leg.br/api/v2/votacoes/2410601-46";"PLEN";"Aprovado o Projeto de Decreto Legislativo nº 478, de 2023. Sim: 310; Não: 5; Abstenção: 10; Total: 325.";"Maioria";"";"Sim"
"2410601-46";"https://dadosabertos.camara.leg.br/api/v2/votacoes/2410601-46";"PLEN";"Aprovado o Projeto de Decreto Legislativo nº 478, de 2023. Sim: 310; Não: 5; Abstenção: 10; Total: 325.";"Minoria";"";"Obstrução"
"2410601-46";"https://dadosabertos.camara.leg.br/api/v2/votacoes/2410601-46";"PLEN";"Aprovado o Projeto de Decreto Legislativo nº 478, de 2023. Sim: 310; Não: 5; Abstenção: 10; Total: 325.";"Bl PlFdrPTUniPp...";"";""
"2410601-41";"https://dadosabertos.camara.leg.br/api/v2/votacoes/2410601-41";"PLEN";"Rejeitado o Requerimento. Sim: 54; Não: 318; Total: 372.";"Bl PlFdrPTUniPp...";"";""
"2410601-41";"https://dadosabertos.camara.leg.br/api/v2/votacoes/2410601-41";"PLEN";"Rejeitado o Requerimento. Sim: 54; Não: 318; Total: 372.";"Oposição";"";"Obstrução"
"2410601-41";"https://dadosabertos.camara.leg.br/api/v2/votacoes/2410601-41";"PLEN";"Rejeitado o Requerimento. Sim: 54; Não: 318; Total: 372.";"Solidaried";"";""
"2410601-41";"https://dadosabertos.camara.leg.br/api/v2/votacoes/2410601-41";"PLEN";"Rejeitado o Requerimento. Sim: 54; Não: 318; Total: 372.";"Maioria";"";"Não"
"2410601-41";"https://dadosabertos.camara.leg.br/api/v2/votacoes/2410601-41";"PLEN";"Rejeitado o Requerimento. Sim: 54; Não: 318; Total: 372.";"Governo";"";"Não"
"2410601-41";"https://dadosabertos.camara.leg.br/api/v2/votacoes/2410601-41";"PLEN";"Rejeitado o Requerimento. Sim: 54; Não: 318; Total: 372.";"Novo";"https://dadosabertos.camara.leg.br/api/v2/partidos/37901";"Obstrução"
"2410601-41";"https://dadosabertos.camara.leg.br/api/v2/votacoes/2410601-41";"PLEN";"Rejeitado o Requerimento. Sim: 54; Não: 318; Total: 372.";"Fdr PSOL-REDE";"";""
"2410601-41";"https://dadosabertos.camara.leg.br/api/v2/votacoes/2410601-41";"PLEN";"Rejeitado o Requerimento. Sim: 54; Não: 318; Total: 372.";"Minoria";"";"Obstrução"
"2379209-61";"https://dadosabertos.camara.leg.br/api/v2/votacoes/2379209-61";"PLEN";"Mantido o texto. Sim: 300; Não: 99; Total: 399.";"Governo";"";""
"2379209-61";"https://dadosabertos.camara.leg.br/api/v2/votacoes/2379209-61";"PLEN";"Mantido o texto. Sim: 300; Não: 99; Total: 399.";"Minoria";"";""
"2379209-61";"https://dadosabertos.camara.leg.br/api/v2/votacoes/2379209-61";"PLEN";"Mantido o texto. Sim: 300; Não: 99; Total: 399.";"Fdr PSOL-REDE";"";"Sim"
"2379209-61";"https://dadosabertos.camara.leg.br/api/v2/votacoes/2379209-61";"PLEN";"Mantido o texto. Sim: 300; Não: 99; Total: 399.";"Solidaried";"";""
"2379209-61";"https://dadosabertos.camara.leg.br/api/v2/votacoes/2379209-61";"PLEN";"Mantido o texto. Sim: 300; Não: 99; Total: 399.";"Oposição";"";"Não"
"2379209-61";"https://dadosabertos.camara.leg.br/api/v2/votacoes/2379209-61";"PLEN";"Mantido o texto. Sim: 300; Não: 99; Total: 399.";"Novo";"https://dadosabertos.camara.leg.br/api/v2/partidos/37901";"Não"
"2379209-61";"https://dadosabertos.camara.leg.br/api/v2/votacoes/2379209-61";"PLEN";"Mantido o texto. Sim: 300; Não: 99; Total: 399.";"Maioria";"";""
"2379209-61";"https://dadosabertos.camara.leg.br/api/v2/votacoes/2379209-61";"PLEN";"Mantido o texto. Sim: 300; Não: 99; Total: 399.";"Bl PlFdrPTUniPp...";"";""
"2379209-53";"https://dadosabertos.camara.leg.br/api/v2/votacoes/2379209-53";"PLEN";"Rejeitado o Requerimento. Sim: 93; Não: 292; Total: 385.";"Solidaried";"";""
"2379209-53";"https://dadosabertos.camara.leg.br/api/v2/votacoes/2379209-53";"PLEN";"Rejeitado o Requerimento. Sim: 93; Não: 292; Total: 385.";"Maioria";"";""
"2379209-53";"https://dadosabertos.camara.leg.br/api/v2/votacoes/2379209-53";"PLEN";"Rejeitado o Requerimento. Sim: 93; Não: 292; Total: 385.";"Oposição";"";"Sim"
"2379209-53";"https://dadosabertos.camara.leg.br/api/v2/votacoes/2379209-53";"PLEN";"Rejeitado o Requerimento. Sim: 93; Não: 292; Total: 385.";"Novo";"https://dadosabertos.camara.leg.br/api/v2/partidos/37901";""
"2379209-53";"https://dadosabertos.camara.leg.br/api/v2/votacoes/2379209-53";"PLEN";"Rejeitado o Requerimento. Sim: 93; Não: 292; Total: 385.";"Fdr PSOL-REDE";"";"Não"
"2379209-53";"https://dadosabertos.camara.leg.br/api/v2/votacoes/2379209-53";"PLEN";"Rejeitado o Requerimento. Sim: 93; Não: 292; Total: 385.";"Bl PlFdrPTUniPp...";"";"Liberado"
"2379209-53";"https://dadosabertos.camara.leg.br/api/v2/votacoes/2379209-53";"PLEN";"Rejeitado o Requerimento. Sim: 93; Não: 292; Total: 385.";"Minoria";"";"Sim"
"2379209-53";"https://dadosabertos.camara.leg.br/api/v2/votacoes/2379209-53";"PLEN";"Rejeitado o Requerimento. Sim: 93; Não: 292; Total: 385.";"Governo";"";""
"2360457-45";"https://dadosabertos.camara.leg.br/api/v2/votacoes/2360457-45";"PLEN";"Aprovado o Projeto de Lei nº 2.379, de 2023. Sim: 275; Não: 113; Abstenção: 5; Total: 393.";"Oposição";"";"Não"
"2360457-45";"https://dadosabertos.camara.leg.br/api/v2/votacoes/2360457-45";"PLEN";"Aprovado o Projeto de Lei nº 2.379, de 2023. Sim: 275; Não: 113; Abstenção: 5; Total: 393.";"Governo";"";"Sim"
"2360457-45";"https://dadosabertos.camara.leg.br/api/v2/votacoes/2360457-45";"PLEN";"Aprovado o Projeto de Lei nº 2.379, de 2023. Sim: 275; Não: 113; Abstenção: 5; Total: 393.";"Bl PlFdrPTUniPp...";"";"Liberado"
"2360457-45";"https://dadosabertos.camara.leg.br/api/v2/votacoes/2360457-45";"PLEN";"Aprovado o Projeto de Lei nº 2.379, de 2023. Sim: 275; Não: 113; Abstenção: 5; Total: 393.";"Maioria";"";"Sim"
"2360457-45";"https://dadosabertos.camara.leg.br/api/v2/votacoes/2360457-45";"PLEN";"Aprovado o Projeto de Lei nº 2.379, de 2023. Sim: 275; Não: 113; Abstenção: 5; Total: 393.";"Solidaried";"";"Sim"
"2360457-45";"https://dadosabertos.camara.leg.br/api/v2/votacoes/2360457-45";"PLEN";"Aprovado o Projeto de Lei nº 2.379, de 2023. Sim: 275; Não: 113; Abstenção: 5; Total: 393.";"Novo";"https://dadosabertos.camara.leg.br/api/v2/partidos/37901";"Obstrução"
"2360457-45";"https://dadosabertos.camara.leg.br/api/v2/votacoes/2360457-45";"PLEN";"Aprovado o Projeto de Lei nº 2.379, de 2023. Sim: 275; Não: 113; Abstenção: 5; Total: 393.";"Minoria";"";"Não"
"2360457-45";"https://dadosabertos.camara.leg.br/api/v2/votacoes/2360457-45";"PLEN";"Aprovado o Projeto de Lei nº 2.379, de 2023. Sim: 275; Não: 113; Abstenção: 5; Total: 393.";"Fdr PSOL-REDE";"";"Sim"
"2360457-42";"https://dadosabertos.camara.leg.br/api/v2/votacoes/2360457-42";"PLEN";"Rejeitado o Requerimento. Sim: 129; Não: 261; Abstenção: 2; Total: 392.";"Oposição";"";"Sim"
"2360457-42";"https://dadosabertos.camara.leg.br/api/v2/votacoes/2360457-42";"PLEN";"Rejeitado o Requerimento. Sim: 129; Não: 261; Abstenção: 2; Total: 392.";"Minoria";"";""
"2360457-42";"https://dadosabertos.camara.leg.br/api/v2/votacoes/2360457-42";"PLEN";"Rejeitado o Requerimento. Sim: 129; Não: 261; Abstenção: 2; Total: 392.";"Novo";"https://dadosabertos.camara.leg.br/api/v2/partidos/37901";"Obstrução"
"2360457-42";"https://dadosabertos.camara.leg.br/api/v2/votacoes/2360457-42";"PLEN";"Rejeitado o Requerimento. Sim: 129; Não: 261; Abstenção: 2; Total: 392.";"Fdr PSOL-REDE";"";"Não"
"2360457-42";"https://dadosabertos.camara.leg.br/api/v2/votacoes/2360457-42";"PLEN";"Rejeitado o Requerimento. Sim: 129; Não: 261; Abstenção: 2; Total: 392.";"Governo";"";"Não"
"2360457-42";"https://dadosabertos.camara.leg.br/api/v2/votacoes/2360457-42";"PLEN";"Rejeitado o Requerimento. Sim: 129; Não: 261; Abstenção: 2; Total: 392.";"Bl PlFdrPTUniPp...";"";""
"2360457-42";"https://dadosabertos.camara.leg.br/api/v2/votacoes/2360457-42";"PLEN";"Rejeitado o Requerimento. Sim: 129; Não: 261; Abstenção: 2; Total: 392.";"Maioria";"";"Não"
"2360457-42";"https://dadosabertos.camara.leg.br/api/v2/votacoes/2360457-42";"PLEN";"Rejeitado o Requerimento. Sim: 129; Não: 261; Abstenção: 2; Total: 392.";"Solidaried";"";""
"2485066-33";"https://dadosabertos.camara.leg.br/api/v2/votacoes/2485066-33";"PLEN";"Aprovado o Substitutivo ao Projeto de Lei Complementar nº 22, de 2025, adotado pelo relator da Comissão de Finanças e Tributação. Sim: 347; Não: 114; Total: 461.";"Bl PlFdrPTUniPp...";"";"Sim"
"2485066-33";"https://dadosabertos.camara.leg.br/api/v2/votacoes/2485066-33";"PLEN";"Aprovado o Substitutivo ao Projeto de Lei Complementar nº 22, de 2025, adotado pelo relator da Comissão de Finanças e Tributação. Sim: 347; Não: 114; Total: 461.";"Governo";"";"Sim"
"2485066-33";"https://dadosabertos.camara.leg.br/api/v2/votacoes/2485066-33";"PLEN";"Aprovado o Substitutivo ao Projeto de Lei Complementar nº 22, de 2025, adotado pelo relator da Comissão de Finanças e Tributação. Sim: 347; Não: 114; Total: 461.";"Solidaried";"";"Sim"
"2485066-33";"https://dadosabertos.camara.leg.br/api/v2/votacoes/2485066-33";"PLEN";"Aprovado o Substitutivo ao Projeto de Lei Complementar nº 22, de 2025, adotado pelo relator da Comissão de Finanças e Tributação. Sim: 347; Não: 114; Total: 461.";"Maioria";"";"Sim"
"2485066-33";"https://dadosabertos.camara.leg.br/api/v2/votacoes/2485066-33";"PLEN";"Aprovado o Substitutivo ao Projeto de Lei Complementar nº 22, de 2025, adotado pelo relator da Comissão de Finanças e Tributação. Sim: 347; Não: 114; Total: 461.";"Oposição";"";"Não"
"2485066-33";"https://dadosabertos.camara.leg.br/api/v2/votacoes/2485066-33";"PLEN";"Aprovado o Substitutivo ao Projeto de Lei Complementar nº 22, de 2025, adotado pelo relator da Comissão de Finanças e Tributação. Sim: 347; Não: 114; Total: 461.";"Novo";"https://dadosabertos.camara.leg.br/api/v2/partidos/37901";"Não"
"2485066-33";"https://dadosabertos.camara.leg.br/api/v2/votacoes/2485066-33";"PLEN";"Aprovado o Substitutivo ao Projeto de Lei Complementar nº 22, de 2025, adotado pelo relator da Comissão de Finanças e Tributação. Sim: 347; Não: 114; Total: 461.";"Fdr PSOL-REDE";"";"Não"
"2485066-33";"https://dadosabertos.camara.leg.br/api/v2/votacoes/2485066-33";"PLEN";"Aprovado o Substitutivo ao Projeto de Lei Complementar nº 22, de 2025, adotado pelo relator da Comissão de Finanças e Tributação. Sim: 347; Não: 114; Total: 461.";"Minoria";"";"Sim"
"2485066-28";"https://dadosabertos.camara.leg.br/api/v2/votacoes/2485066-28";"PLEN";"Rejeitado o Requerimento. Sim: 46; Não: 372; Total: 418.";"Bl PlFdrPTUniPp...";"";"Não"
"2485066-28";"https://dadosabertos.camara.leg.br/api/v2/votacoes/2485066-28";"PLEN";"Rejeitado o Requerimento. Sim: 46; Não: 372; Total: 418.";"Fdr PSOL-REDE";"";"Sim"
"2485066-28";"https://dadosabertos.camara.leg.br/api/v2/votacoes/2485066-28";"PLEN";"Rejeitado o Requerimento. Sim: 46; Não: 372; Total: 418.";"Solidaried";"";"Não"
"2485066-28";"https://dadosabertos.camara.leg.br/api/v2/votacoes/2485066-28";"PLEN";"Rejeitado o Requerimento. Sim: 46; Não: 372; Total: 418.";"Governo";"";"Não"
"2485066-28";"https://dadosabertos.camara.leg.br/api/v2/votacoes/2485066-28";"PLEN";"Rejeitado o Requerimento. Sim: 46; Não: 372; Total: 418.";"Maioria";"";"Não"
"2485066-28";"https://dadosabertos.camara.leg.br/api/v2/votacoes/2485066-28";"PLEN";"Rejeitado o Requerimento. Sim: 46; Não: 372; Total: 418.";"Minoria";"";"Não"
"2485066-28";"https://dadosabertos.camara.leg.br/api/v2/votacoes/2485066-28";"PLEN";"Rejeitado o Requerimento. Sim: 46; Não: 372; Total: 418.";"Oposição";"";"Não"
"2485066-28";"https://dadosabertos.camara.leg.br/api/v2/votacoes/2485066-28";"PLEN";"Rejeitado o Requerimento. Sim: 46; Não: 372; Total: 418.";"Novo";"https://dadosabertos.camara.leg.br/api/v2/partidos/37901";"Sim"
"2486199-35";"https://dadosabertos.camara.leg.br/api/v2/votacoes/2486199-35";"PLEN";"Mantido o texto. Sim: 386; Não: 27; Total: 413.";"Oposição";"";"Sim"
"2486199-35";"https://dadosabertos.camara.leg.br/api/v2/votacoes/2486199-35";"PLEN";"Mantido o texto. Sim: 386; Não: 27; Total: 413.";"Governo";"";"Sim"
"2486199-35";"https://dadosabertos.camara.leg.br/api/v2/votacoes/2486199-35";"PLEN";"Mantido o texto. Sim: 386; Não: 27; Total: 413.";"Maioria";"";"Sim"
"2486199-35";"https://dadosabertos.camara.leg.br/api/v2/votacoes/2486199-35";"PLEN";"Mantido o texto. Sim: 386; Não: 27; Total: 413.";"Minoria";"";"Sim"
"2486199-35";"https://dadosabertos.camara.leg.br/api/v2/votacoes/2486199-35";"PLEN";"Mantido o texto. Sim: 386; Não: 27; Total: 413.";"Fdr PSOL-REDE";"";"Não"
"2486199-35";"https://dadosabertos.camara.leg.br/api/v2/votacoes/2486199-35";"PLEN";"Mantido o texto. Sim: 386; Não: 27; Total: 413.";"Novo";"https://dadosabertos.camara.leg.br/api/v2/partidos/37901";"Não"
"2486199-35";"https://dadosabertos.camara.leg.br/api/v2/votacoes/2486199-35";"PLEN";"Mantido o texto. Sim: 386; Não: 27; Total: 413.";"Solidaried";"";""
"2486199-35";"https://dadosabertos.camara.leg.br/api/v2/votacoes/2486199-35";"PLEN";"Mantido o texto. Sim: 386; Não: 27; Total: 413.";"Bl PlFdrPTUniPp...";"";"Sim"
"2486199-32";"https://dadosabertos.camara.leg.br/api/v2/votacoes/2486199-32";"PLEN";"Aprovado o Projeto de Lei Complementar nº 58, de 2025, ressalvado o destaque. Sim: 413; Não: 1; Total: 414.";"Minoria";"";"Sim"
"2486199-32";"https://dadosabertos.camara.leg.br/api/v2/votacoes/2486199-32";"PLEN";"Aprovado o Projeto de Lei Complementar nº 58, de 2025, ressalvado o destaque. Sim: 413; Não: 1; Total: 414.";"Oposição";"";"Sim"
"2486199-32";"https://dadosabertos.camara.leg.br/api/v2/votacoes/2486199-32";"PLEN";"Aprovado o Projeto de Lei Complementar nº 58, de 2025, ressalvado o destaque. Sim: 413; Não: 1; Total: 414.";"Fdr PSOL-REDE";"";"Sim"
"2486199-32";"https://dadosabertos.camara.leg.br/api/v2/votacoes/2486199-32";"PLEN";"Aprovado o Projeto de Lei Complementar nº 58, de 2025, ressalvado o destaque. Sim: 413; Não: 1; Total: 414.";"Governo";"";"Sim"
"2486199-32";"https://dadosabertos.camara.leg.br/api/v2/votacoes/2486199-32";"PLEN";"Aprovado o Projeto de Lei Complementar nº 58, de 2025, ressalvado o destaque. Sim: 413; Não: 1; Total: 414.";"Bl PlFdrPTUniPp...";"";"Sim"
"2486199-32";"https://dadosabertos.camara.leg.br/api/v2/votacoes/2486199-32";"PLEN";"Aprovado o Projeto de Lei Complementar nº 58, de 2025, ressalvado o destaque. Sim: 413; Não: 1; Total: 414.";"Novo";"https://dadosabertos.camara.leg.br/api/v2/partidos/37901";"Sim"
"2486199-32";"https://dadosabertos.camara.leg.br/api/v2/votacoes/2486199-32";"PLEN";"Aprovado o Projeto de Lei Complementar nº 58, de 2025, ressalvado o destaque. Sim: 413; Não: 1; Total: 414.";"Solidaried";"";"Sim"
"2486199-32";"https://dadosabertos.camara.leg.br/api/v2/votacoes/2486199-32";"PLEN";"Aprovado o Projeto de Lei Complementar nº 58, de 2025, ressalvado o destaque. Sim: 413; Não: 1; Total: 414.";"Maioria";"";"Sim"
"255291-105";"https://dadosabertos.camara.leg.br/api/v2/votacoes/255291-105";"PLEN";"Rejeitada a Emenda de Plenário nº 2. Sim: 57; Não: 331; Total: 388.";"Oposição";"";"Não"
"255291-105";"https://dadosabertos.camara.leg.br/api/v2/votacoes/255291-105";"PLEN";"Rejeitada a Emenda de Plenário nº 2. Sim: 57; Não: 331; Total: 388.";"Maioria";"";"Não"
"255291-105";"https://dadosabertos.camara.leg.br/api/v2/votacoes/255291-105";"PLEN";"Rejeitada a Emenda de Plenário nº 2. Sim: 57; Não: 331; Total: 388.";"Governo";"";"Não"
"255291-105";"https://dadosabertos.camara.leg.br/api/v2/votacoes/255291-105";"PLEN";"Rejeitada a Emenda de Plenário nº 2. Sim: 57; Não: 331; Total: 388.";"Fdr PSOL-REDE";"";"Não"
"255291-105";"https://dadosabertos.camara.leg.br/api/v2/votacoes/255291-105";"PLEN";"Rejeitada a Emenda de Plenário nº 2. Sim: 57; Não: 331; Total: 388.";"Minoria";"";"Não"
"255291-105";"https://dadosabertos.camara.leg.br/api/v2/votacoes/255291-105";"PLEN";"Rejeitada a Emenda de Plenário nº 2. Sim: 57; Não: 331; Total: 388.";"Bl PlFdrPTUniPp...";"";"Liberado"
"255291-105";"https://dadosabertos.camara.leg.br/api/v2/votacoes/255291-105";"PLEN";"Rejeitada a Emenda de Plenário nº 2. Sim: 57; Não: 331; Total: 388.";"Novo";"https://dadosabertos.camara.leg.br/api/v2/partidos/37901";"Não"
"2466108-33";"https://dadosabertos.camara.leg.br/api/v2/votacoes/2466108-33";"PLEN";"Aprovado o Projeto de Lei nº 4.187, de 2024. Sim: 269; Não: 136; Abstenção: 2; Total: 407.";"Bl PlFdrPTUniPp...";"";"Liberado"
"2466108-33";"https://dadosabertos.camara.leg.br/api/v2/votacoes/2466108-33";"PLEN";"Aprovado o Projeto de Lei nº 4.187, de 2024. Sim: 269; Não: 136; Abstenção: 2; Total: 407.";"Governo";"";"Sim"
"2466108-33";"https://dadosabertos.camara.leg.br/api/v2/votacoes/2466108-33";"PLEN";"Aprovado o Projeto de Lei nº 4.187, de 2024. Sim: 269; Não: 136; Abstenção: 2; Total: 407.";"Maioria";"";"Sim"
"2466108-33";"https://dadosabertos.camara.leg.br/api/v2/votacoes/2466108-33";"PLEN";"Aprovado o Projeto de Lei nº 4.187, de 2024. Sim: 269; Não: 136; Abstenção: 2; Total: 407.";"Oposição";"";"Não"
"2466108-33";"https://dadosabertos.camara.leg.br/api/v2/votacoes/2466108-33";"PLEN";"Aprovado o Projeto de Lei nº 4.187, de 2024. Sim: 269; Não: 136; Abstenção: 2; Total: 407.";"Fdr PSOL-REDE";"";"Sim"
"2466108-33";"https://dadosabertos.camara.leg.br/api/v2/votacoes/2466108-33";"PLEN";"Aprovado o Projeto de Lei nº 4.187, de 2024. Sim: 269; Não: 136; Abstenção: 2; Total: 407.";"Minoria";"";"Não"
"2466108-33";"https://dadosabertos.camara.leg.br/api/v2/votacoes/2466108-33";"PLEN";"Aprovado o Projeto de Lei nº 4.187, de 2024. Sim: 269; Não: 136; Abstenção: 2; Total: 407.";"Novo";"https://dadosabertos.camara.leg.br/api/v2/partidos/37901";"Não"
"2466108-28";"https://dadosabertos.camara.leg.br/api/v2/votacoes/2466108-28";"PLEN";"Rejeitado o Requerimento. Sim: 138; Não: 266; Total: 404.";"Governo";"";"Não"
"2466108-28";"https://dadosabertos.camara.leg.br/api/v2/votacoes/2466108-28";"PLEN";"Rejeitado o Requerimento. Sim: 138; Não: 266; Total: 404.";"Fdr PSOL-REDE";"";"Não"
"2466108-28";"https://dadosabertos.camara.leg.br/api/v2/votacoes/2466108-28";"PLEN";"Rejeitado o Requerimento. Sim: 138; Não: 266; Total: 404.";"Minoria";"";"Sim"
"2466108-28";"https://dadosabertos.camara.leg.br/api/v2/votacoes/2466108-28";"PLEN";"Rejeitado o Requerimento. Sim: 138; Não: 266; Total: 404.";"Maioria";"";"Não"
"2466108-28";"https://dadosabertos.camara.leg.br/api/v2/votacoes/2466108-28";"PLEN";"Rejeitado o Requerimento. Sim: 138; Não: 266; Total: 404.";"Novo";"https://dadosabertos.camara.leg.br/api/v2/partidos/37901";"Sim"
"2466108-28";"https://dadosabertos.camara.leg.br/api/v2/votacoes/2466108-28";"PLEN";"Rejeitado o Requerimento. Sim: 138; Não: 266; Total: 404.";"Bl PlFdrPTUniPp...";"";"Liberado"
"2466108-28";"https://dadosabertos.camara.leg.br/api/v2/votacoes/2466108-28";"PLEN";"Rejeitado o Requerimento. Sim: 138; Não: 266; Total: 404.";"Oposição";"";"Sim"
"2463712-40";"https://dadosabertos.camara.leg.br/api/v2/votacoes/2463712-40";"PLEN";"Aprovada a Subemenda Substitutiva Global ao Projeto de Lei Complementar nº 167, de 2024, adotada pelo relator da Comissão de Indústria, Comércio e Serviços. Sim: 399; Total: 399.";"Minoria";"";"Sim"
"2463712-40";"https://dadosabertos.camara.leg.br/api/v2/votacoes/2463712-40";"PLEN";"Aprovada a Subemenda Substitutiva Global ao Projeto de Lei Complementar nº 167, de 2024, adotada pelo relator da Comissão de Indústria, Comércio e Serviços. Sim: 399; Total: 399.";"Oposição";"";"Sim"
"2463712-40";"https://dadosabertos.camara.leg.br/api/v2/votacoes/2463712-40";"PLEN";"Aprovada a Subemenda Substitutiva Global ao Projeto de Lei Complementar nº 167, de 2024, adotada pelo relator da Comissão de Indústria, Comércio e Serviços. Sim: 399; Total: 399.";"Fdr PSOL-REDE";"";"Sim"
"2463712-40";"https://dadosabertos.camara.leg.br/api/v2/votacoes/2463712-40";"PLEN";"Aprovada a Subemenda Substitutiva Global ao Projeto de Lei Complementar nº 167, de 2024, adotada pelo relator da Comissão de Indústria, Comércio e Serviços. Sim: 399; Total: 399.";"Novo";"https://dadosabertos.camara.leg.br/api/v2/partidos/37901";"Sim"
"2463712-40";"https://dadosabertos.camara.leg.br/api/v2/votacoes/2463712-40";"PLEN";"Aprovada a Subemenda Substitutiva Global ao Projeto de Lei Complementar nº 167, de 2024, adotada pelo relator da Comissão de Indústria, Comércio e Serviços. Sim: 399; Total: 399.";"Governo";"";"Sim"
"2463712-40";"https://dadosabertos.camara.leg.br/api/v2/votacoes/2463712-40";"PLEN";"Aprovada a Subemenda Substitutiva Global ao Projeto de Lei Complementar nº 167, de 2024, adotada pelo relator da Comissão de Indústria, Comércio e Serviços. Sim: 399; Total: 399.";"Maioria";"";"Sim"
"2463712-40";"https://dadosabertos.camara.leg.br/api/v2/votacoes/2463712-40";"PLEN";"Aprovada a Subemenda Substitutiva Global ao Projeto de Lei Complementar nº 167, de 2024, adotada pelo relator da Comissão de Indústria, Comércio e Serviços. Sim: 399; Total: 399.";"Bl PlFdrPTUniPp...";"";"Sim"
"2485227-8";"https://dadosabertos.camara.leg.br/api/v2/votacoes/2485227-8";"PLEN";"Aprovado o Requerimento de Urgência (Art. 155 do RICD). Sim: 347; Não: 29; Abstenção: 3; Total: 379.";"Minoria";"";"Sim"
"2485227-8";"https://dadosabertos.camara.leg.br/api/v2/votacoes/2485227-8";"PLEN";"Aprovado o Requerimento de Urgência (Art. 155 do RICD). Sim: 347; Não: 29; Abstenção: 3; Total: 379.";"Bl PlFdrPTUniPp...";"";"Sim"
"2485227-8";"https://dadosabertos.camara.leg.br/api/v2/votacoes/2485227-8";"PLEN";"Aprovado o Requerimento de Urgência (Art. 155 do RICD). Sim: 347; Não: 29; Abstenção: 3; Total: 379.";"Fdr PSOL-REDE";"";"Não"
"2485227-8";"https://dadosabertos.camara.leg.br/api/v2/votacoes/2485227-8";"PLEN";"Aprovado o Requerimento de Urgência (Art. 155 do RICD). Sim: 347; Não: 29; Abstenção: 3; Total: 379.";"Governo";"";"Sim"
"2485227-8";"https://dadosabertos.camara.leg.br/api/v2/votacoes/2485227-8";"PLEN";"Aprovado o Requerimento de Urgência (Art. 155 do RICD). Sim: 347; Não: 29; Abstenção: 3; Total: 379.";"Maioria";"";"Sim"
"2485227-8";"https://dadosabertos.camara.leg.br/api/v2/votacoes/2485227-8";"PLEN";"Aprovado o Requerimento de Urgência (Art. 155 do RICD). Sim: 347; Não: 29; Abstenção: 3; Total: 379.";"Novo";"https://dadosabertos.camara.leg.br/api/v2/partidos/37901";"Não"
"2485227-8";"https://dadosabertos.camara.leg.br/api/v2/votacoes/2485227-8";"PLEN";"Aprovado o Requerimento de Urgência (Art. 155 do RICD). Sim: 347; Não: 29; Abstenção: 3; Total: 379.";"Oposição";"";"Sim"
"2397890-55";"https://dadosabertos.camara.leg.br/api/v2/votacoes/2397890-55";"PLEN";"Aprovado o Projeto de Lei Complementar nº 223, de 2023. Sim: 407; Não: 6; Total: 413.";"Oposição";"";"Sim"
"2397890-55";"https://dadosabertos.camara.leg.br/api/v2/votacoes/2397890-55";"PLEN";"Aprovado o Projeto de Lei Complementar nº 223, de 2023. Sim: 407; Não: 6; Total: 413.";"Fdr PSOL-REDE";"";"Sim"
"2397890-55";"https://dadosabertos.camara.leg.br/api/v2/votacoes/2397890-55";"PLEN";"Aprovado o Projeto de Lei Complementar nº 223, de 2023. Sim: 407; Não: 6; Total: 413.";"Maioria";"";"Sim"
"2397890-55";"https://dadosabertos.camara.leg.br/api/v2/votacoes/2397890-55";"PLEN";"Aprovado o Projeto de Lei Complementar nº 223, de 2023. Sim: 407; Não: 6; Total: 413.";"Governo";"";"Sim"
"2397890-55";"https://dadosabertos.camara.leg.br/api/v2/votacoes/2397890-55";"PLEN";"Aprovado o Projeto de Lei Complementar nº 223, de 2023. Sim: 407; Não: 6; Total: 413.";"Minoria";"";"Sim"
"2397890-55";"https://dadosabertos.camara.leg.br/api/v2/votacoes/2397890-55";"PLEN";"Aprovado o Projeto de Lei Complementar nº 223, de 2023. Sim: 407; Não: 6; Total: 413.";"Bl PlFdrPTUniPp...";"";"Sim"
"2397890-55";"https://dadosabertos.camara.leg.br/api/v2/votacoes/2397890-55";"PLEN";"Aprovado o Projeto de Lei Complementar nº 223, de 2023. Sim: 407; Não: 6; Total: 413.";"Novo";"https://dadosabertos.camara.leg.br/api/v2/partidos/37901";"Sim"
"2397890-54";"https://dadosabertos.camara.leg.br/api/v2/votacoes/2397890-54";"PLEN";"Rejeitado o Substitutivo ao Projeto de Lei Complementar nº 223, de 2023, da Comissão de Indústria, Comércio e Serviços. Sim: 34; Não: 356; Abstenção: 1; Total: 391.";"Oposição";"";"Não"
"2397890-54";"https://dadosabertos.camara.leg.br/api/v2/votacoes/2397890-54";"PLEN";"Rejeitado o Substitutivo ao Projeto de Lei Complementar nº 223, de 2023, da Comissão de Indústria, Comércio e Serviços. Sim: 34; Não: 356; Abstenção: 1; Total: 391.";"Minoria";"";"Não"
"2397890-54";"https://dadosabertos.camara.leg.br/api/v2/votacoes/2397890-54";"PLEN";"Rejeitado o Substitutivo ao Projeto de Lei Complementar nº 223, de 2023, da Comissão de Indústria, Comércio e Serviços. Sim: 34; Não: 356; Abstenção: 1; Total: 391.";"Maioria";"";"Não"
"2397890-54";"https://dadosabertos.camara.leg.br/api/v2/votacoes/2397890-54";"PLEN";"Rejeitado o Substitutivo ao Projeto de Lei Complementar nº 223, de 2023, da Comissão de Indústria, Comércio e Serviços. Sim: 34; Não: 356; Abstenção: 1; Total: 391.";"Bl PlFdrPTUniPp...";"";"Não"
"2397890-54";"https://dadosabertos.camara.leg.br/api/v2/votacoes/2397890-54";"PLEN";"Rejeitado o Substitutivo ao Projeto de Lei Complementar nº 223, de 2023, da Comissão de Indústria, Comércio e Serviços. Sim: 34; Não: 356; Abstenção: 1; Total: 391.";"Governo";"";"Não"
"2397890-54";"https://dadosabertos.camara.leg.br/api/v2/votacoes/2397890-54";"PLEN";"Rejeitado o Substitutivo ao Projeto de Lei Complementar nº 223, de 2023, da Comissão de Indústria, Comércio e Serviços. Sim: 34; Não: 356; Abstenção: 1; Total: 391.";"Novo";"https://dadosabertos.camara.leg.br/api/v2/partidos/37901";"Não"
"2397890-54";"https://dadosabertos.camara.leg.br/api/v2/votacoes/2397890-54";"PLEN";"Rejeitado o Substitutivo ao Projeto de Lei Complementar nº 223, de 2023, da Comissão de Indústria, Comércio e Serviços. Sim: 34; Não: 356; Abstenção: 1; Total: 391.";"Fdr PSOL-REDE";"";"Sim"
"2484059-7";"https://dadosabertos.camara.leg.br/api/v2/votacoes/2484059-7";"PLEN";"Aprovado o Requerimento de Urgência (Art. 155 do RICD). Sim: 266; Não: 140; Abstenção: 2; Total: 408.";"Governo";"";"Sim"
"2484059-7";"https://dadosabertos.camara.leg.br/api/v2/votacoes/2484059-7";"PLEN";"Aprovado o Requerimento de Urgência (Art. 155 do RICD). Sim: 266; Não: 140; Abstenção: 2; Total: 408.";"Maioria";"";"Sim"
"2484059-7";"https://dadosabertos.camara.leg.br/api/v2/votacoes/2484059-7";"PLEN";"Aprovado o Requerimento de Urgência (Art. 155 do RICD). Sim: 266; Não: 140; Abstenção: 2; Total: 408.";"Bl PlFdrPTUniPp...";"";""
"2484059-7";"https://dadosabertos.camara.leg.br/api/v2/votacoes/2484059-7";"PLEN";"Aprovado o Requerimento de Urgência (Art. 155 do RICD). Sim: 266; Não: 140; Abstenção: 2; Total: 408.";"Novo";"https://dadosabertos.camara.leg.br/api/v2/partidos/37901";"Não"
"2484059-7";"https://dadosabertos.camara.leg.br/api/v2/votacoes/2484059-7";"PLEN";"Aprovado o Requerimento de Urgência (Art. 155 do RICD). Sim: 266; Não: 140; Abstenção: 2; Total: 408.";"Oposição";"";"Não"
"2484059-7";"https://dadosabertos.camara.leg.br/api/v2/votacoes/2484059-7";"PLEN";"Aprovado o Requerimento de Urgência (Art. 155 do RICD). Sim: 266; Não: 140; Abstenção: 2; Total: 408.";"Minoria";"";"Não"
"2484059-7";"https://dadosabertos.camara.leg.br/api/v2/votacoes/2484059-7";"PLEN";"Aprovado o Requerimento de Urgência (Art. 155 do RICD). Sim: 266; Não: 140; Abstenção: 2; Total: 408.";"Fdr PSOL-REDE";"";"Sim"
"2438467-47";"https://dadosabertos.camara.leg.br/api/v2/votacoes/2438467-47";"PLEN";"Aprovado o Projeto de Lei nº 2.215, de 2024. Sim: 273; Não: 136; Total: 409.";"Novo";"https://dadosabertos.camara.leg.br/api/v2/partidos/37901";"Não"
"2438467-47";"https://dadosabertos.camara.leg.br/api/v2/votacoes/2438467-47";"PLEN";"Aprovado o Projeto de Lei nº 2.215, de 2024. Sim: 273; Não: 136; Total: 409.";"Oposição";"";"Não"
"2438467-47";"https://dadosabertos.camara.leg.br/api/v2/votacoes/2438467-47";"PLEN";"Aprovado o Projeto de Lei nº 2.215, de 2024. Sim: 273; Não: 136; Total: 409.";"Fdr PSOL-REDE";"";"Sim"
"2438467-47";"https://dadosabertos.camara.leg.br/api/v2/votacoes/2438467-47";"PLEN";"Aprovado o Projeto de Lei nº 2.215, de 2024. Sim: 273; Não: 136; Total: 409.";"Governo";"";"Sim"
"2438467-47";"https://dadosabertos.camara.leg.br/api/v2/votacoes/2438467-47";"PLEN";"Aprovado o Projeto de Lei nº 2.215, de 2024. Sim: 273; Não: 136; Total: 409.";"Maioria";"";"Sim"
"2438467-47";"https://dadosabertos.camara.leg.br/api/v2/votacoes/2438467-47";"PLEN";"Aprovado o Projeto de Lei nº 2.215, de 2024. Sim: 273; Não: 136; Total: 409.";"Minoria";"";"Não"
"2438467-47";"https://dadosabertos.camara.leg.br/api/v2/votacoes/2438467-47";"PLEN";"Aprovado o Projeto de Lei nº 2.215, de 2024. Sim: 273; Não: 136; Total: 409.";"Bl PlFdrPTUniPp...";"";"Liberado"
"2438467-41";"https://dadosabertos.camara.leg.br/api/v2/votacoes/2438467-41";"PLEN";"Rejeitado o Requerimento. Sim: 125; Não: 236; Abstenção: 2; Total: 363.";"Minoria";"";"Sim"
"2438467-41";"https://dadosabertos.camara.leg.br/api/v2/votacoes/2438467-41";"PLEN";"Rejeitado o Requerimento. Sim: 125; Não: 236; Abstenção: 2; Total: 363.";"Maioria";"";"Não"
"2438467-41";"https://dadosabertos.camara.leg.br/api/v2/votacoes/2438467-41";"PLEN";"Rejeitado o Requerimento. Sim: 125; Não: 236; Abstenção: 2; Total: 363.";"Governo";"";"Não"
"2438467-41";"https://dadosabertos.camara.leg.br/api/v2/votacoes/2438467-41";"PLEN";"Rejeitado o Requerimento. Sim: 125; Não: 236; Abstenção: 2; Total: 363.";"Novo";"https://dadosabertos.camara.leg.br/api/v2/partidos/37901";"Sim"
"2438467-41";"https://dadosabertos.camara.leg.br/api/v2/votacoes/2438467-41";"PLEN";"Rejeitado o Requerimento. Sim: 125; Não: 236; Abstenção: 2; Total: 363.";"Bl PlFdrPTUniPp...";"";"Liberado"
"2438467-41";"https://dadosabertos.camara.leg.br/api/v2/votacoes/2438467-41";"PLEN";"Rejeitado o Requerimento. Sim: 125; Não: 236; Abstenção: 2; Total: 363.";"Oposição";"";"Sim"
"2438467-41";"https://dadosabertos.camara.leg.br/api/v2/votacoes/2438467-41";"PLEN";"Rejeitado o Requerimento. Sim: 125; Não: 236; Abstenção: 2; Total: 363.";"Fdr PSOL-REDE";"";"Não"
"2162802-89";"https://dadosabertos.camara.leg.br/api/v2/votacoes/2162802-89";"PLEN";"Aprovado o Substitutivo ao Projeto de Lei nº 9.133, de 2017, adotado pela relatora da Comissão de Educação. Sim: 297; Não: 107; Abstenção: 1; Total: 405.";"Minoria";"";"Não"
"2162802-89";"https://dadosabertos.camara.leg.br/api/v2/votacoes/2162802-89";"PLEN";"Aprovado o Substitutivo ao Projeto de Lei nº 9.133, de 2017, adotado pela relatora da Comissão de Educação. Sim: 297; Não: 107; Abstenção: 1; Total: 405.";"Oposição";"";"Não"
"2162802-89";"https://dadosabertos.camara.leg.br/api/v2/votacoes/2162802-89";"PLEN";"Aprovado o Substitutivo ao Projeto de Lei nº 9.133, de 2017, adotado pela relatora da Comissão de Educação. Sim: 297; Não: 107; Abstenção: 1; Total: 405.";"Maioria";"";"Sim"
"2162802-89";"https://dadosabertos.camara.leg.br/api/v2/votacoes/2162802-89";"PLEN";"Aprovado o Substitutivo ao Projeto de Lei nº 9.133, de 2017, adotado pela relatora da Comissão de Educação. Sim: 297; Não: 107; Abstenção: 1; Total: 405.";"Fdr PSOL-REDE";"";"Sim"
"2162802-89";"https://dadosabertos.camara.leg.br/api/v2/votacoes/2162802-89";"PLEN";"Aprovado o Substitutivo ao Projeto de Lei nº 9.133, de 2017, adotado pela relatora da Comissão de Educação. Sim: 297; Não: 107; Abstenção: 1; Total: 405.";"Governo";"";"Sim"
"2162802-89";"https://dadosabertos.camara.leg.br/api/v2/votacoes/2162802-89";"PLEN";"Aprovado o Substitutivo ao Projeto de Lei nº 9.133, de 2017, adotado pela relatora da Comissão de Educação. Sim: 297; Não: 107; Abstenção: 1; Total: 405.";"Bl PlFdrPTUniPp...";"";"Liberado"
"2162802-89";"https://dadosabertos.camara.leg.br/api/v2/votacoes/2162802-89";"PLEN";"Aprovado o Substitutivo ao Projeto de Lei nº 9.133, de 2017, adotado pela relatora da Comissão de Educação. Sim: 297; Não: 107; Abstenção: 1; Total: 405.";"Novo";"https://dadosabertos.camara.leg.br/api/v2/partidos/37901";"Não"
